#id	primer_seq
# A1 (article_1) == https://doi.org/10.1159/000357096
# A2 (article_2) == https://doi.org/10.1016/j.biologicals.2019.12.007
# A3 (article_3) == https://doi.org/10.1016/j.biologicals.2016.03.003
A1F1	GCAAAGCTATAGAGATATAGTAGAGGT
A1F2	GCAAAGCTATAGAGATATAGTGGAGGT
A1F3	GCAAAGCTATAGAAATATAGTGGAGGT
A1F4	GCGAAGCTATAGAAATATAGTGGAGGT
A1F5	GCGAAGCTATAGAGATATAGTGGAGGT
A1F6	GCAATGCTATAGAGATATAGCGGAGGT
A1F7	GCAAAGCTATGGAGACATAGTGGAGGT
A1F8	GCAAAGTTATGGAAACATAATGGAGGT
A1R1	GTTGCGCTCGTTGCAGGAC
A1R2	GTTGCGCTCGTTGCGGGAC
A1R3	GTTGCGTTCGTTGCAGGAC
A1R4	GTTGCGTTCGTTGCGGGAC
A2F1	AAACTCAAAGGAATTGACGG
A2F2	AAACTCAAACGGAATTGACGG
A2F3	AAACTTAAAGGAATTGACGGG
A2R1	CATCTGTTAACCTCCGAACTT
A2R2	CATCTGTTAACCTCCGTACTT
A2R3	CATACCGATAACCTCCACTAT
A2R4	GTCACCTTGTTAACCTCCATTAT
A2R5	TGACTCTGATATCCTCCACTAT
A2R6	GTCATTCCGTTAACCTCAACTAT
A2R7	GTCATTCCGTTAACCTCGACTAT
A2R8	CACCCTGATAACCTCCACTAT
A2R9	CACCCTGTTAACCTCCACTAT
A2R10	CATTCCGTTGACCTCCACTAT
A2R11	TGTATCCTTGTTAACCTCTACTATATC
A2R12	CACTCTGTTAACCTCCACTAT
A2R13	CTCAATGTTAACCTCCACTACA
A2R14	CACTCCGTTAGCCTCCACTAT
A2R15	CACTCCGTTAGCCTCCTCTAT
A2R16	CTCAATGTTAGCCTCCACTAC
A2R17	GTATCTCTGTTAACCTCCACTATATC
A2R18	CTTACTGATAGCCTCCACTAT
A2R19	CTTACTGATTGCCTCCACTAT
A2R20	GTACATCTGTTAGCCTCCTCTAT
A2R21	ATCTCGTTAGCCTCCACTAT
A2R22	ATTCCGTTGACCTCCACTAT
A2R23	GTCATATTGTTAACCTCCGTTATATTTC
A2R24	TCTCAATGTTAACCTCCACTAT
A2R25	TCTCAATGTTAGCCTCCACTAT
A2R26	CATCTGTTAGCCTCCGAACTT
A2R27	CAATGTTAGCCTCCAGCAT
A2R28	ACTCGGTTAACCTCCATTATGT
A2R29	TGTCATTCTGTTAACCTCTACTATATC
A2R30	CACTCGGTTAACCTCCACTAT
A2R31	GTCATCTTGTTAACCTCTACTATATCT
A2R32	CACTCCGTTAACCTCCACTAT
A2R33	GTCATCTTGTTAACCTCCACTATATC
A2R34	ATTGGGTTGACCTCCACTAT
A2R35	TCATTCTGTTAGCCTCCACTAT
A2R36	TCATTCTGTTAGCCTCTACTAT
A2R37	CTCAATGTTAACCTCCACTGT
A2R38	TGCTTCTGATAACCTCCACGAT
A2R39	TGCTTCTGATAACCTCCACTAT
A2R40	TCATTCTGTTAACCTCCACTATATC
A2R41	GTCATTCTGATATACTCCACTGT
A2R42	TCATTCTGTTAACCTCCACTATGTC
A2R43	TACATCTGTTAACCTCCACTATATC
A2R44	ACTCCGTTAACCTCCGCTAT
A2R45	TCTTTCGGTTAACCTCGACTAT
A2R46	CACTCCGATAACCTCCACTAT
A2R47	GTTATTCTGTTAACCTCCAGTATG
A2R48	CACCCTGTTAACCTCTACTATATC
A2R49	ACCTCGTTAACCTCCGCCAT
A2R50	ACCTCGTTAACCTCCGCTAT
A2R51	GTCATATTGTTAACCTCAACTATATTTCTATAGC
A2R52	ACTCTGTTAACCTCCGCTAT
A2R53	ACTCTGTTAACCTCTGCTAT
A2R54	TCTCAATGTTAACCTCGGATATATC
A2R55	TCCGTTAACCTCCGCT
A2R56	TCCGTTAGCCTCCGCT
A2R57	GTCTTACTGATATACTCCACCAT
A2R58	CACCTCGATAACCTCCACTAT
A2R59	CACCTTGATAACCTCCACTAT
A2R60	ATCTCGTTAGCCTCGGCT
A2R61	ATCCCTGATAACCTCCACTAT
A2R62	GTCTCAATGTTAACCTCTACTGT
A2R63	CCTTGATAGCCTCCGTATATG
A2R64	GTCACCTTGTTAGCCTCCATTAT
A2R65	ACATCGGATAACCTCCACTAT
A3F1	GGATTAGATACCCTAGTAGTCCACA
A3R1	CGTGTACCGTCGAATTAAGCA
A3F2	ACTAAGTGTTGGCCAAAAGGTC
A3R2	CCTCCGAATTTATTTCTAAGCCTTTG
A3F3	TCATCATGCCTCTTACGAGTG
A3R3	GCGGTGTGTACAAGACCCGA
A3F4	CTCCGCCTGAGTAGTATGC
A3R4	CACCTGTCTCAATGTTAACCTC
